店名,住所,電話番号,取扱品種,レビュー1,レビュー2,レビュー3,レビュー4,レビュー5,営業時間,ジャンル,評価,ウェブサイトURL,価格レベル,lat,lng,店名from Google,住所from Google
エリオアンティカフォルネリア,東京都千代田区一番町４－３６シルバーマンション桔梗１０３,335560672,P297:黒ラベル樽生２０Ｌ,11月の三連休の中日に予約なしでランチ訪問。12時をすぎていたので、外のテラス？になりましたが、お天気も気持ち良い日和のため、快適に過ごせました。子供が近くの学校で試験を受けていてゆっくり過ごしながらランチを頂きたいため、Cコースに。2500円台とは思えない、充実の内容です！ABCとコースを悩んだら絶対Cがおすすめ！前菜→本日のパスタ→メインのお肉→ドルチェ　どれをとってもおいしくて、本店のELIOと変わらない味でカジュアルに楽しめました！特に気に入ったのが、最後のドルチェのチーズケーキ！濃厚で満足する量で嬉しい。お腹いっぱいで大満足。ちょいサービスが雑な感じはカジュアルな方のお店だから？かな？イタリア人女性のお給仕さんは丁寧でした。店内は小さい席がいくつかあり、2人席は狭いので案外テラスの方がゆっくり過ごせそうです。,"いつも行くレストランが旗日のためお休み
マップで探しました
パスタは美味しかった
いわゆるお昼の口開けだったのだけど、並んで待ってる人が
食べてる間にも人がどんどん入ってきて満席に
デザートが美味しくて、コーヒー好きな私はエスプレッソ！
満足しました
(写真撮る前にデザートがっついてしまった)","ダブルパスタランチ1600円
大盛無料です
美味しかった〜！
サラダ、パニーニサンド、フォカッチャ、パスタ２種、コーヒー、ケーキが付いてます
コスパ良過ぎです
また来ます","3ヶ月に1度くらいのペースでランチに伺います
すぐ入れればラッキーで少し並ぶ機会の方が多いですが
やはり味が抜群なので頑張って行ってます
だいたいパスタのハーフ&ハーフのコースが
ほとんどです
イタリアの雰囲気も味わいながら美味しく頂いてます
また宜しくお願い致します","営業時間はイートイン11:30スタートなのでGoogleMapの情報を見るとテイクアウト11:00スタートなので勘違いしやすいかも！
詳細情報にもちゃんと記載されているのでタップして開かないといけないですね！
お店自体は所用で普段来ることの無い麹町なので、軽く歩いてて見つけました。
クチコミ通り人気店でランチタイムスタートすると一気に満席でした！
パスタランチ(大盛無料)ですが、
🥖パン
🥗一口パニーニ付サラダ
🍝日替わりパスタ2種ワンプレート
🍮デザート
☕コーヒー
とお腹いっぱいになって1,430円(2023.10月時点)は安いです。
テイクアウトのパニーニやクロワッサン等も美味しそうでした！","月曜日: 11時00分～14時30分, 17時30分～22時00分
火曜日: 11時00分～14時30分, 17時30分～22時00分
水曜日: 11時00分～14時30分, 17時30分～22時00分
木曜日: 11時00分～14時30分, 17時30分～22時00分
金曜日: 11時00分～14時30分, 17時30分～22時00分
土曜日: 11時00分～14時30分, 17時30分～22時00分
日曜日: 11時00分～14時30分, 17時30分～22時00分","restaurant, point_of_interest, food, establishment",4.1,https://www.elio.co.jp/Antica-Forneria-JP.html,2,35.6878121,139.7422042,エリオ アンティカ フォルネリア,日本、〒102-0082 東京都千代田区一番町４−３６
鮨勝　一番町店,東京都千代田区一番町９－２０,332377456,P296:黒ラベル樽生１０Ｌ,"穴子重：2,420円
かんぴょう巻き：1,200円

接客は一期一会、素晴らしい接客でした👏
テーブル周りも清掃が行き届いており、
気持ち良く食事できます。

穴子重
熱々の穴子、あっさりな味付けで程々美味😋

かんぴょう巻き
甘辛な干瓢が程よくシャリとマッチして、
程々美味😋

接客が一期一会でホント素晴らしかったです。
また、近くに寄った際は伺います😊","ディナータイムにコースで
予約しました。一人¥12000で
全て品が良く美味しかったです。","店内がとても綺麗でした。
寿司も美味しかったです！",こちらは本質的に美味しいです。ネタとシャリが一体になってまとまっている。見た感じはシンプルだけれど、いい材料に見えないところに手がかかっていて食べる有り難みがある。,いつもいろんな意味でお世話になってます。年末限定のカラスミが極ウマ！そしてウニがとろけました、池ちゃんありがとう!,"月曜日: 11時30分～13時30分, 16時00分～21時00分
火曜日: 11時30分～13時30分, 16時00分～21時00分
水曜日: 11時30分～13時30分, 16時00分～21時00分
木曜日: 11時30分～13時30分, 16時00分～21時00分
金曜日: 11時30分～13時30分, 16時00分～21時00分
土曜日: 17時00分～21時00分
日曜日: 17時00分～21時00分","restaurant, food, point_of_interest, establishment",4.2,https://sushikatsu-tokyo.com/,2,35.6871633,139.7422684,鮨勝,日本、〒102-0082 東京都千代田区一番町９−２０
トラットリア・ラ・テスタドゥー,東京都千代田区神田須田町　１丁目１３－８　加納ビル１Ｆ,352075267,0806:ヱビス樽生　１０Ｌ,"料理もものすごくおいしく、サービスもとてもよかったです。
おすすめです！
当日の予約と当日のサプライズプレートの要望もでき対応がすごくよかったです！
シェフとスタッフさんたちもいい人たちで最初から最後までサービスがよかったです。
料理も牛のカルパッチョ、スパゲッティ2品、魚料理を頼んだのですが全て美味しかったです。","1500円のランチ。(前菜.パスタ.パン)を注文。前菜は魚介のマリネセロリ入り、ラグーのタリアテッレのパスタを選択。
前菜は少なかったのであまり食べた気がしなかったのですが、ラグーのパスタは奥深くてうっとりするような美味しさ。近所にあったら足しげく通うだろうなぁ。
足りなかったので、
エスプレッソマシンのコーヒー200円、マリトッツォ300円でしめて2000円。
マリトッツォ、ブリオッシュで作る方が合うかな。
イタリアではホイップクリームが主流だから、現地の人にも日本みたいな生クリームで作ったケーキを味わって欲しいな。
ランチでも材料や仕込みが済んでいれば、夜のアラカルトも注文できるそう。

今日は1人だったのでこれで良かったが、すごくおいしいものを出しそうな雰囲気がある。
ランチ時でも忙しそうに調理する3人のシェフ。

お店の内装やテーブルの配置の仕方、天井の高く抜け感があり、現地にいるような錯覚さえ覚え、とても気に入りました。
ぜひディナーも食べてみたいです。

神田連雀亭帰り。
今日はAセットのサラダ、パスタ、パンにデザート、コーヒーを注文。
今日のサルシッチャのラグーパスタは、前回のような深みは感じなかったものの美味しかった。
200円でこのコーヒーはお値打ち。

今日は、土曜日のランチ利用。
最近のランチは、前菜とパスタのセットで2200円になりましたね。

以前のランチ価格は、コスパ的に最高でしたが、
今の価格は相応の価格かもしれません。
ランチ時間は、フライヤーと炭火を起こしていないので、ディープフライと炭火焼きのものはまだ準備ができていないので、出来るものを聞きながらアラカルトをお願いしました。
水牛のカプレーゼは、フルーツトマトとモッツァレラは、ジュワーと染み出すフレッシュな美味しさ、甘ーいトマトも葉野菜も美味しい✨
2種類のタリアテッレのクリームパスタもチーズと生クリームがコクウマ✨
鴨肉のラグーソースのパッパルデッレ、前に頂いたラグーソースが奥行きがあってうっとりする美味しさだったのですが、今日のは、正直そこまでではありませんでした。お肉がかためだったかな。

いわしのオレガノ風味も美味しかった。
生ハム、サラミ、レバーペーストのブルスケッタ、茄子とパプリカのグリルマリネも素材がジューシーに仕上がっています、美味しかった✨
ミラノ風カツレツも美味しかったです♪
コーヒーも相変わらず美味しかったです。
また伺います😊","丁寧な仕事をしています。金曜日のランチは12時過ぎでも席に空きがあります。
特別ランチは前菜一品、パスタ一品が選べて2200円です。
前菜の量もしっかりあり、満足の味でした。今度はディナーで利用したいと思います。","神田駅から徒歩3分のところにある
レトロな雰囲気のオシャレなイタリアン🇮🇹
.
夫婦経営のお店で
とても可愛らしい雰囲気のお店でした！
今回は、友人の結婚祝いで利用しました🥰
.
○鮮魚のカルパッチョ
時期によって変わるようで
今回は、ブリでした！
オレンジがトッピングされている
見た目も可愛い一品😍
.
○ポルチーニ茸のリゾット
写真を撮り忘れました😓
ボリュームもあって
まろやかクリーミーで美味しかったです🙆‍♂️
.
どれを食べても美味しいハズレなしの料理ばかり！
皆さんも行ってみてください👣",とても品の良いイタリアン。味付けもちょうど良いです。タリアータを食べたいと伝えると、メニューには書いていなかったのに作ってくださいました。アパタイズもやっぱりおいしい。ウニのパスタは想像以上に辛めのお味付けでした。ごちそうさまです。,"月曜日: 17時30分～22時00分
火曜日: 17時30分～22時00分
水曜日: 17時30分～22時00分
木曜日: 17時30分～22時00分
金曜日: 11時30分～15時00分, 17時30分～22時00分
土曜日: 11時30分～15時00分, 17時30分～22時00分
日曜日: 定休日","restaurant, food, point_of_interest, establishment",4.3,https://tabelog.com/tokyo/A1310/A131002/13004026/,2,35.6962592,139.7690033,トラットリア ラ・テスタドゥーラ,日本、〒101-0041 東京都千代田区神田須田町１丁目１３−８ 加納ビル 1階
四川豆花飯荘,東京都千代田区丸の内　１丁目５－１　新丸の内ビルディング　６Ｆ,332114000,0458:ヱビス樽生　２０Ｌ,"今回は2回目の訪問、前にすごくコスパ良く感じていたのですが、今回は全体的に味がしょっぱく麻婆豆腐も辛味より塩味が強く感じられてしまった。たまたまなのかいつも味にむらがあるのか、、、
また次回の訪問時に確かめて見ようと思います。
茶藝氏の技は一見の価値ありw","とっても楽しいサービスがあるお店です。
八宝茶というお茶を入れてくれるのですが
その入れ方がとってもユニーク！
みんな喜んでいてとってもハッピーになります。

食事はコースでいただきました。
麻婆豆腐など一部辛いものもありますが
その他優しいお味でよかったです。

フォーチュンクッキーもあり最後まで楽しみがあります。

初めて友達と来ましたが
次は違う友人を連れて行きたいです。","新丸6階にあり、店内も広々として綺麗、中国茶のパフォーマンスもあるため、ちょっとした会食に良いと思います（サービス料10%、お茶代550円/人）

但し、花椒の辛さが得意の方であれば！私は辛いのが苦手なため全体的に辛く、麻婆豆腐は辛すぎて食べれませんでした🥵四川系の辛いもの好きな同席者は美味しいと言っていたため好みですね。

コースのお肉を変更下さったり、ワインも種類が多かったり全体的に好印象です（ただ、基本的に四川料理はどうにも好きになれず笑）","四川風の中華が美味しい😋
辛めの麻婆豆腐はおすすめ。
お茶を注ぐ演出も素晴らしい。
店内は奇麗で広く、会食に最適。
やっぱり印象に残るのは良いと思う。
予約は必須。",目の前が東京駅。花や色々なものが入ったカップに楽しい方法でお湯を注いでお茶をいれてくれます。お料理は全体的に辛め。気どらず、落ち着き過ぎず、居心地の良いお店です。,"月曜日: 11時00分～15時00分, 17時00分～22時00分
火曜日: 11時00分～15時00分, 17時00分～22時00分
水曜日: 11時00分～15時00分, 17時00分～22時00分
木曜日: 11時00分～15時00分, 17時00分～22時00分
金曜日: 11時00分～15時00分, 17時00分～22時00分
土曜日: 11時00分～15時00分, 17時00分～22時00分
日曜日: 11時00分～15時00分, 17時00分～21時00分","restaurant, food, point_of_interest, establishment",4.1,https://a634267.gorp.jp/?utm_source=google&utm_medium=maps&utm_campaign=meo,情報なし,35.6825434,139.7642869,四川豆花飯荘 東京店,日本、〒100-6506 東京都千代田区丸の内１丁目５−１ 新丸の内ビルディング 6F
オークウッドプレミア東京,東京都千代田区丸の内　１丁目８－２　オークウッドプレミア東京ＬＦ６Ｆ,366316800,0806:ヱビス樽生　１０Ｌ,良いところは新しく綺麗な客室、フロントの方々が適度にフレンドリーなことと、場所は東京八重洲口に近く、観光にも便利なところです。立地のせいか、トイレと浴室、洗面所は同じ場所になります。フルキッチンですが、泊まった部屋はソファーと大きめのテーブルがダイニングで使うには高さが低いため、部屋で調理は匂いもあって難しいかもしれません。家族向けに適しています。,東京駅至近、ロケーション抜群のサービスアパートメントタイプのホテル。丸の内の鉄鋼ビル南館の6F〜19Fです。キッチンや洗濯機乾燥機が完備、セキュリティもしっかりしていました。長期滞在も苦にならなそうです。,"場所分かりにくい（笑）
分からないから東京駅の八重洲口からタクシー乗りました（笑）←２分の距離です（笑）
タクシーの運転手さんが調べて教えてくれました〜
ローソンテッコーアベニュー店の向かいにホテル用のオートロックがあり開けてもらえます。
ナチュラルローソンの方ではなく普通のローソンの方です。
鉄鋼ビル南館です。
グーグルのピンの場所は反対なので無視して下さい。2021/10/15現在。
このせいで混乱しました。

17階の1ベッドルームとリビングの部屋に泊まりました。
お値段が安いのに広くて快適でした。
湯船を張るのはとても時間がかかりました。
水圧が弱いです。
17階はシャワーも激弱でした。
レインシャワーと説明がある通り雨に当たってる感じの体感です。

ウーバーイーツで食事や買い物を済ませたのだけど、3回頼んで、注意事項に入り方を伝えてたけど分からず迷子になり３人共、電話かけてきて説明大変でした（笑）
もうちょっと入口の入り方のアナウンスをした方がいいと思う（笑）
私もウーバーさん達も全員迷子（笑）
というかグーグル情報を改善した方がいいと思います!

来客は入口とエレベーター前と２箇所開ける必要があり、何気に大変でした。

キッチンが付いていて食器も用意してあるのだけど、消毒済みの未開封シールが貼られていて、開けてないって確認が出来て安心感がありました。

洗濯も夜中にしても音が他部屋に響くこともなくて良かった。

冷蔵庫がホテルにしてはかなり大きい
食洗機やオーブンレンジ等もあった

収納がホテルにしては、かなりある

外国人の長期滞在向けのホテルだけど、一泊でも十分良かった。

朝食がヘルシーで素敵

フロントの対応も柔軟で愛想も良く笑顔で迎えてくれて好感度高いです。
シティホテルでよくある澄ました笑顔のない格好つけた勘違いな接客はイヤなので、
ここは部屋から問い合わせた電話の時、通話越しでも笑顔が感じられました。
東京駅で宿泊の時はここ良いなって思いました。
ありがとうございます。","今回、東京駅近くでホテル探しをしていて
コロナだし
夜ご飯外で食べれないから
キッチン付きを探していたら
ヒットしました。

近くに大丸もあるので
お買い物も便利です。

あと、基本的に宿泊者だけしか
出入りできないみたいなので安心感もあります。

朝ごはんもこんな時期なので
お部屋で簡単に済ませたかったので
持ってきてもらえるのもたすかりました。

気になった点は
お風呂の🛁お湯をはるのに
ものすごく時間がかかったこと。。
湯船が広いのと、お湯がダーっとでなかった💦

シャワーの水圧は問題ないです。

完全に海外仕様です

洗濯機もお風呂のボタンも全て。。

慣れていない方は困っちゃうと思うので
すぐフロントへ📞

数日間、家族とや仕事で宿泊するのに

ダイニングやキッチン
リビング
ベッドルームと全てわかれているので
使いやすそうです。

完全にビジネス一泊の時は
普通タイプのホテルが良いかな。。","素晴らしいホテルです！
チェックイン時から、スタッフの方のご対応がとても丁寧で
さすが、洗練されたホテルだと感じました。
落ち着いた空気のロビーでは、飲料の提供があり、ゆったりとした時間を過ごせませす。
お部屋も清潔感、広さ、使いやすさ等、大満足です。","月曜日: 24 時間営業
火曜日: 24 時間営業
水曜日: 24 時間営業
木曜日: 24 時間営業
金曜日: 24 時間営業
土曜日: 24 時間営業
日曜日: 24 時間営業","lodging, point_of_interest, establishment",4.6,https://www.discoverasr.com/en/oakwood/japan/oakwood-premier-tokyo?utm_source=google&utm_medium=organic&utm_campaign=HQ-google-organic-alwayson-20230628-all-en-jp-jp-OakwoodPremierTokyo-eme-gbp,情報なし,35.6822857,139.7698146,オークウッドプレミア東京,日本、〒100-0005 東京都千代田区丸の内１丁目８−２
月島もんじゃ たまとや　東京駅,東京都千代田区丸の内　１丁目９－１　グランスタ八重洲北エリアＢ１１１,362560059,P297:黒ラベル樽生２０Ｌ,"とても美味しかったです。
みくさんが楽しくお話しながらとても上手に焼いて下さり、しょうたさんがこれでもか！というほどチーズを沢山掛けてくれました。
シメの海老たま焼きそば最高でした！
東京に旅行にきて、このお店を選んでよかったです。また来ます。","お昼すぎに夫婦で来店。お酒も飲みつつ、明太子しそもんじゃ と いか墨もんじゃ（どちらもモッツァレラチーズトッピング）、牡蠣バター焼きをいただきました。
出汁が美味しいのかお焦げの旨味が最高。生クリーム入りらしく、モッツァレラとの相性も抜群だし、まろやかで少し甘みがあって美味でした。
モダンな雰囲気で居心地も良いですし、何より、店員さんが焼いてくれるので初めてでも安心。どの店員さんも対応が親切丁寧でした。",友人が大阪から来ていたので食べたかった月島のもんじゃをたべにきました♡お店の雰囲気もよく店員さんが特に可愛くてお話も弾んですごく楽しい食事が出来ました👍🏻 ̖́-みくさんという方が対応してくれました！みくちゃん可愛くて丁寧に焼いてくださいました(∩ˊ꒳​ˋ∩)またぜーーーったいたべにいきます！みくさんだいすき♡,"明太子のおもちのやつ食べました。一人で食べてちょうどいいくらいの量でした。最初、作ってる時退屈するかなと思っていましたが店員さん(なつきさん)が話しかけてくれたので楽しく過ごせました。
最後の方は、パリパリした部分も出来ていてとても美味しかったです。
初めてのもんじゃ焼きがここのお店で、なつきさんに作っていただいて良かったです。笑
美味しかったです。ありがとうございました。","友達と卒業旅行で来ました！
頼んだもんじゃは店員さんが直接焼いてくれます。担当してくださったたくみさんという方はすごく対応が良くて、旅行のお話も沢山聞いてくれて楽しく食事できました！
明太子と豚塩どっちも美味しかったです😊
食後にはちゃんとファブリーズのサービスもしてくれます！また行きたいと思いました！","月曜日: 11時00分～23時00分
火曜日: 11時00分～23時00分
水曜日: 11時00分～23時00分
木曜日: 11時00分～23時00分
金曜日: 11時00分～23時00分
土曜日: 11時00分～23時00分
日曜日: 11時00分～23時00分","restaurant, point_of_interest, food, establishment",4.8,https://kano-corp.tokyo/shop/,2,35.6798702,139.7675145,月島もんじゃ くうや 東京駅,日本、〒100-0005 東京都千代田区丸の内１丁目９−１ Ｂ1Ｆ 東京駅グランスタ八重洲
やぶそば,東京都千代田区神田淡路町　２丁目１０,332510287,0458:ヱビス樽生　２０Ｌ,"都営新宿線、小川町から徒歩3分、他にもJR総武線、東京メトロ日比谷線の秋葉原駅からも徒歩10分

東京でも有数の老舗蕎麦店、都内の藪で有名なのは上野藪、浅草並木藪とこちらです。

六本木藪等はかなりカジュアルで日常使いがしやすいですが、神田のやぶそばは庶民的なサービスでありながら価格は高価です。

費用対効果の感覚は人それぞれではありますが、お蕎麦メニューのボリュームが少なく
男性であれば、せいろなら3枚は必要。

かなり大きなお店で、1階に2名掛けテーブルが30卓ほどの他、座敷とカウンター席があり、
2階はコースのみの大人数のお席がある模様、因みに蕎麦がきはコースのみの提供とのこと。

数年前の火事で建て直して外観は日本家屋ですが、平たくて立派なビルの飲食店です。

日本酒に限らずお酒を注文すると
、自家製の牛蒡などが入ったお通し的な練りみそが供されます。

蕎麦前でビールや焼酎のアテに、かまぼこや焼き海苔、合鴨焼きを注文し、せいろとおかめ(温かい蕎麦で蒲鉾や湯葉入り)で1万円程度。

入口にはQRコード付の整理券発行機がありますので、列に並ぶ前に発行する必要があります。

麺としてのお蕎麦自体は良く言えば繊細で、お汁も具も上質なものですが、
量は夜食でも足りないような、もう少しで本数を数えられるような状態。
蕎麦は食事の一種でもあるので、お腹をある程度満たす量が欲しいです。","子供達も独立して妻と二人
外食での年越し蕎麦は夫婦初体験
折角だからと　かんだやぶそば　へ。
2時間待ちましたが店構えも雰囲気も最高で、番台の女性が注文を読み上げる節回しがとても印象的でした。

行列に並んでいる際に、前後見渡せる範囲でですが、誰一人として苛立ったりしている様子はうかがえず、皆さん和かに楽しそうに待っており、私達まで談笑しながら並ぶことができました。
大晦日、この店に年越し蕎麦を食べに来られる方々はゆとりを持っているのだろうと感じました。","江戸の三大そば屋は「藪」「更科」「砂場」と言われ、暖簾分けのお店はあちこちにあります。
「藪そば」本流のひとつである神田やぶそばは、老舗の風情と東京のそば文化が残るお店です。

お蕎麦屋さんでは、接客する人を「花番」と言います。このお店には花番の方が沢山いて、接客は清々しいです。
また、客の注文を調理場に伝える係の人がいて、これが和歌を読むような唄声で、通し言葉の注文が発せられます。その声は調理場だけでなく、店内にも響き渡り、もはや伝統芸を見ているようです
(・∀・)
店の外観は、藪そばの「蔦屋」を再現すべく植木で囲われていて、お庭の様子も店内から伺えます。

メニューは伝統の味を貫いているようで、多彩ではありません。例えばこの店に天ざるは有りません(°▽°)
天ざるは砂場発祥だけに、神田藪そばはそれで置かない...のかな？💦
ただ、天ぷらはあります。ごま油で揚げた江戸の味で、天つゆか塩で食べます。
また藪そばは、蕎麦の実の外側の甘皮も適度に挽きこむため味が濃く、これに合わせて蕎麦つゆも鰹節と醤油が効いた濃い味になっています。こだわりの蕎麦つゆですから、天ぷらつけたら粋ではないのでしょう(・∀・)

伝統の味付けは、自分は悪くないと思いますが、お値段はお高め💸💸、量は少ないです(°▽°)💦
そばも少ししかないし、酒のつまみの蒲鉾は小田原産らしいですが2枚で990円💸
怖くて、注文出来ませんでした(*´ー｀*)
天ぷらとビールとせいろ1枚で、¥3800でした💸💸💸
この立地で、伝統あるやり方で蕎麦屋の体裁を維持するとこうなるのかも...

ビールにはお通しとして、自家製味噌がついてきます(・∀・)","有名な老舗の蕎麦屋さん。
建て替えても老舗の雰囲気。
店内は昔風ですが現代の作り。
椅子や机、座敷など新しくしたのに
昭和のままの居心地。
蕎麦、汁は特別な物では無く
ごく普通に何処にでもある味。
良く言えば昔ながらで
少しも変わっていない
昭和初期の料理、接客、店舗で
今の時代に全く追いついていない。
客層も50才を過ぎた方々。
40代なら最年少かも。
店も客層も
変わらない事を良しとしているようで
時間が止まっている。
雰囲気とお金を使う事で満足な方にオススメ。
美味しい蕎麦を楽しみたい方は
老舗なので話のネタに
一度は行っても良いと思います。","昔から通っている、美味しいお蕎麦屋^_^
最近予約できることをしりました🤭

トイレも昔と違って綺麗になってて、より好きになりました。

何杯でも食べれてしまう蕎麦^_^それにかき揚げも最高❤️
お酒を頼むと出てくる、練り味噌も絶品で！
練り味噌は、毎回お土産買って帰ってしまいますね😍","月曜日: 11時30分～20時00分
火曜日: 11時30分～20時00分
水曜日: 定休日
木曜日: 11時30分～20時00分
金曜日: 11時30分～20時00分
土曜日: 11時30分～20時00分
日曜日: 11時30分～20時00分","restaurant, food, point_of_interest, establishment",4,https://www.yabusoba.net/,2,35.6970004,139.7686863,かんだやぶそば,日本、〒101-0063 東京都千代田区神田淡路町２丁目１０
秋葉原　肉寿司,東京都千代田区神田練塀町３　富士ソフト秋葉原ビル　１Ｆ,8035180811,P297:黒ラベル樽生２０Ｌ,"駅チカで便利です。
一度食べ放題では無く来ましたが、平日限定で食べ放題があるとの事で再来しました。
テラス席は10円で飲めるハイボールがあります。
300円の別途オーダーが必要です。
様々な肉寿司のバリエーションがあり、食べたことが無い物が多く面白いです。
そこまでたくさん食べる方では無いので、一通りメニューにあるものと、その日のX限定メニューを頼んでお腹いっぱいになりました。
100分、ラストオーダー30分前なので、ゆっくり過ごせて良いです。","肉寿司の種類が多くあまり食べたことないお肉の部位などもあって、どれも美味しかったです。
迷ったら盛り合わせをぜひ！

それ以外のおつまみ系も美味しいのでお酒が進みます。

テラス席があり、時期にもよるみたいですが、レモンサワーやハイボールが安くのめたり、この日は日本酒が1合ワンコインで飲めたりします。

テラス席といってもビル内のテラスなので雨に濡れたりすることはないです。

肉寿司食べたいときはココって言うくらいおすすめです！","こちらのお店に3年前に1度伺った事があり、その時は大変美味しく金額に見合う美味しさの肉寿司でしたが先日平日18時に利用した際は忙しいのかスタッフの対応は遅め、呼んでも時間がかかる、肉寿司はシャリを先に握って準備しているから固くなりシャリ自体も大きくなっていたので全然おかわりも出来ず美味しさも半減で大変残念でした。
焼酎水割りはほぼロックでびっくりです。
使用済のお皿も見える場所に積み上げられていてあれだけスタッフがいてあそこまでオペレーションが出来ていないのならもう食べ放題メニューは止めて色んな面を改善して欲しいと思いました。
もうリピはありません。","食べた感想としては、肉寿司ではなく肉おにぎりでした。
肉1に対してご飯10ありました。ご飯がぎゅうぎゅう詰に握られています。(写真をアップして見るとわかると思います)
おいしく味付けされているお肉もありましたが、中には芸術的なほどにペラペラなお肉もありました。
ご飯を減らしてもらえないか聞きましたが、できませんでした。
食べ放題で来てお腹いっぱいに食べる意気込みで来ましたが、その気にならず途中退店しました。
隣のお客さんは食べ放題+飲み放題で来ていましたが、飲み放題でも同様にご飯の量が多いため肉寿司とは合わないと仰っていました。

建物の構造上の問題か、奥の席に座ったのですが大きな声で店員さんを呼んでも気づいてもらえないことがありました。
テラス席と言いつつ屋内にお店があるので雨の心配はありません。ただ冬は少し寒そうです。
店員さんの態度は普通です。

総評として、値段に見合うお店ではありませんが、肉寿司を体験したい方には良いのではないでしょうか。","食べ放題で利用（ワンドリンクオーダー制）
まず食べ放題対象の肉寿司が一通り運ばれてきて、その後個別に追加注文します。
叩いた馬肉、イクラ、明太子が乗った明太NIKURAドッグとネギトロ稲荷が美味しかったです。","月曜日: 12時00分～22時00分
火曜日: 12時00分～22時00分
水曜日: 12時00分～22時00分
木曜日: 12時00分～22時00分
金曜日: 12時00分～22時30分
土曜日: 12時00分～22時30分
日曜日: 12時00分～22時00分","restaurant, food, point_of_interest, establishment",3.8,https://akihabara-nikuzushi.owst.jp/,情報なし,35.7003448,139.7738701,秋葉原 肉寿司,日本、〒101-0022 東京都千代田区神田練塀町３−１２ 富士ソフト秋葉原ビル 1階
駒忠　和泉町店,東京都千代田区神田和泉町１－３－９　本間屋ビル　１Ｆ,338644578,P297:黒ラベル樽生２０Ｌ,"めちゃくちゃ美味しかったー😋
雰囲気も最高に大好きな居酒屋さんでした🍺
ごはんものも美味しそうだったのでまた秋葉原に来る機会あったらゆっくり伺いたいお店です。
（この日は会社の飲み会があった為、サクッと0次会利用だったのでゆっくり出来なかった…）

早田ひなさんのサインポスターあったけど御本人もいらっしゃるのかな😍",ママの接客がとっても最高の居酒屋。料理も美味しく、連日満席で人気になるのもわかります。ママ以外のホールスタッフの方も料理人の方もプロのお仕事。利用していてとても幸せな感じになることが出来るお店です。,"平日の夜なのに満席で。
川えびの唐揚げ🦐美味しかった〜

皆さん楽しそうに歓談してましたよ。
料理も豊富ですし✨
会社帰りの飲み会はこういうところ
有り難いです。","秋葉原、神田エリアで昔ながらの居酒屋。メニューも豊富で、晩ご飯利用にも愛用しています。
お母さんの元気な声で、こちらも元気にしてもらえます。","お値段もリーズナブル。
女将さんの注文を通す声が良いですね。","月曜日: 16時30分～0時00分
火曜日: 16時30分～0時00分
水曜日: 定休日
木曜日: 16時30分～0時00分
金曜日: 16時30分～0時00分
土曜日: 16時30分～23時00分
日曜日: 定休日","restaurant, point_of_interest, food, establishment",4.4,,2,35.7003653,139.7762462,酒蔵駒忠 和泉町店,日本、〒101-0024 東京都千代田区神田和泉町１−３−９ 本間屋ビル
やきとり　宮川　四ツ谷店,東京都千代田区六番町１５－２,332214833,P296:黒ラベル樽生１０Ｌ,"一串一串美味しくて、とても良い雰囲気のお店

四ツ谷駅からほど近いやきとり宮川を訪れました。
1949年創業の老舗焼鳥屋で、その歴史と伝統を大切にしながらも、新しい試みに挑戦し続けているそうです。

◎良いポイント
● 焼鳥の種類と品質 - 多彩で上質な味わい
各種部位を備長炭でじっくりと焼き上げた焼鳥は、鮮度と味の良さで決まります。
ササミやハラミ、つくねなど、各串がもつ独自の食感と味わいが印象的でした。

● 独自の調味料 - 個性を引き立てる味
店独自の焙煎黒八味や紀州和歌山から直送の完熟赤山椒は、焼鳥の味を引き立てる絶妙な調味料でした。
香ばしさとスパイシーさが食欲をそそります。

● ひとそろえコース - バラエティ豊かなメニュー
鴨ハムや季節の前菜から始まり、焼鳥6種、白い唐揚げ、旬野菜、そしてすごい卵かけご飯に至るまで、コース料理は多彩で満足度が高かったです。

● インパクトのある〆 - すごい卵かけご飯
〆の卵かけご飯は、メレンゲと紹興酒漬けの卵黄が特徴で、一度食べると忘れられない味わいでした。

☆まとめ
やきとり宮川は、老舗の風格と温かい雰囲気を持ち合わせた素晴らしい焼鳥屋です。
一つ一つの料理に対する熱い想いが感じられ、焼鳥の新しい美味しさと楽しみ方を教えてくれる店でした。
特にすごい卵かけご飯は、訪れた者全てに印象深い味わいを残すことでしょう。","焼き鳥はもちろん美味しいですが、独自配合の衣で揚げた唐揚げ、カレー味のポテトサラダが美味しかったです！
また、うずらの卵の串焼きでは黄身が半熟で驚きました。
黒八味、青山椒をかけて食べてほしいと勧められた串焼きではかける前よりかけて食べた方が本当に美味しかったです！
締めは卵白を泡立てたすごい卵かけご飯！！
ふわふわで美味しかったです！
次は鶏白湯ラーメンが食べてみたいです。",かつての溜池山王の宮川のランチに通いつめたファン。ミニカレーが懐かしいが今も健在だろうか？白い唐揚げは感涙もの。夜も何度もお世話になったが、何を食べても美味しいのは相変わらずで安心。値段はちょっと上がったかな。,"コースとお酒7杯程度?でお会計13000円程度、これだけ支払うのであれば別のお店で食事を楽しみたい。

同僚が予約して入ったお店なので、コース料金を把握しておらず、思った以上の出費でした。","２回目の投稿です。

取引先のお客様と一緒に伺わせて頂きました！

グルメなお客様も美味しいと大満足しておりました。

またキッチンのスタッフ、フロアーのスタッフ一人一人の対応が丁寧で、親切‼️

美味しい食事、それを支えるスタッフの方々！

最高の焼き鳥店です‼️

そして、毎回の事ですが、
卵かけご飯最高です❗️

絶対に卵かけご飯は食べて下さい‼️‼️‼️

本当に美味しいです‼️","月曜日: 17時00分～23時00分
火曜日: 17時00分～23時00分
水曜日: 17時00分～23時00分
木曜日: 17時00分～23時00分
金曜日: 17時00分～23時00分
土曜日: 17時00分～22時00分
日曜日: 定休日","bar, restaurant, point_of_interest, store, food, establishment",4.3,https://yakitori-miyagawa.jp/yotsuya/,3,35.6861301,139.7318945,やきとり宮川 四ツ谷,日本、〒102-0085 東京都千代田区六番町１５−２ 鳳翔ビル 1F
